{
    "summary": {
        "accuracy": 0.975876487616597,
        "num_samples": 3109
    },
    "per_class": {
        "Pepper__bell___Bacterial_spot": {
            "precision": 0.9675324675324676,
            "recall": 0.9867549668874173,
            "f1": 0.9770491803278688,
            "support": 151,
            "accuracy": 0.9867549668874173
        },
        "Pepper__bell___healthy": {
            "precision": 0.9955156950672646,
            "recall": 0.9955156950672646,
            "f1": 0.9955156950672646,
            "support": 223,
            "accuracy": 0.9955156950672646
        },
        "Potato___Early_blight": {
            "precision": 0.9738562091503268,
            "recall": 0.9933333333333333,
            "f1": 0.9834983498349835,
            "support": 150,
            "accuracy": 0.9933333333333333
        },
        "Potato___Late_blight": {
            "precision": 0.9662162162162162,
            "recall": 0.9533333333333334,
            "f1": 0.959731543624161,
            "support": 150,
            "accuracy": 0.9533333333333334
        },
        "Potato___healthy": {
            "precision": 1.0,
            "recall": 1.0,
            "f1": 1.0,
            "support": 24,
            "accuracy": 1.0
        },
        "Tomato_Bacterial_spot": {
            "precision": 0.9753846153846154,
            "recall": 0.990625,
            "f1": 0.9829457364341085,
            "support": 320,
            "accuracy": 0.990625
        },
        "Tomato_Early_blight": {
            "precision": 0.9183673469387755,
            "recall": 0.9,
            "f1": 0.9090909090909091,
            "support": 150,
            "accuracy": 0.9
        },
        "Tomato_Late_blight": {
            "precision": 0.9522184300341296,
            "recall": 0.9721254355400697,
            "f1": 0.9620689655172414,
            "support": 287,
            "accuracy": 0.9721254355400697
        },
        "Tomato_Leaf_Mold": {
            "precision": 0.9726027397260274,
            "recall": 0.9861111111111112,
            "f1": 0.9793103448275862,
            "support": 144,
            "accuracy": 0.9861111111111112
        },
        "Tomato_Septoria_leaf_spot": {
            "precision": 0.9736842105263158,
            "recall": 0.9700374531835206,
            "f1": 0.9718574108818011,
            "support": 267,
            "accuracy": 0.9700374531835206
        },
        "Tomato_Spider_mites_Two_spotted_spider_mite": {
            "precision": 0.9576923076923077,
            "recall": 0.9880952380952381,
            "f1": 0.97265625,
            "support": 252,
            "accuracy": 0.9880952380952381
        },
        "Tomato__Target_Spot": {
            "precision": 0.9848484848484849,
            "recall": 0.9198113207547169,
            "f1": 0.9512195121951219,
            "support": 212,
            "accuracy": 0.9198113207547169
        },
        "Tomato__Tomato_YellowLeaf__Curl_Virus": {
            "precision": 1.0,
            "recall": 0.9875518672199171,
            "f1": 0.9937369519832986,
            "support": 482,
            "accuracy": 0.9875518672199171
        },
        "Tomato__Tomato_mosaic_virus": {
            "precision": 0.9827586206896551,
            "recall": 1.0,
            "f1": 0.991304347826087,
            "support": 57,
            "accuracy": 1.0
        },
        "Tomato_healthy": {
            "precision": 1.0,
            "recall": 0.9916666666666667,
            "f1": 0.99581589958159,
            "support": 240,
            "accuracy": 0.9916666666666667
        }
    },
    "confusion_matrix": [
        [
            149,
            1,
            0,
            0,
            0,
            1,
            0,
            0,
            0,
            0,
            0,
            0,
            0,
            0,
            0
        ],
        [
            1,
            222,
            0,
            0,
            0,
            0,
            0,
            0,
            0,
            0,
            0,
            0,
            0,
            0,
            0
        ],
        [
            0,
            0,
            149,
            0,
            0,
            0,
            0,
            1,
            0,
            0,
            0,
            0,
            0,
            0,
            0
        ],
        [
            0,
            0,
            1,
            143,
            0,
            0,
            3,
            3,
            0,
            0,
            0,
            0,
            0,
            0,
            0
        ],
        [
            0,
            0,
            0,
            0,
            24,
            0,
            0,
            0,
            0,
            0,
            0,
            0,
            0,
            0,
            0
        ],
        [
            0,
            0,
            0,
            2,
            0,
            317,
            1,
            0,
            0,
            0,
            0,
            0,
            0,
            0,
            0
        ],
        [
            1,
            0,
            0,
            1,
            0,
            2,
            135,
            8,
            0,
            0,
            2,
            1,
            0,
            0,
            0
        ],
        [
            0,
            0,
            1,
            2,
            0,
            0,
            2,
            279,
            2,
            1,
            0,
            0,
            0,
            0,
            0
        ],
        [
            1,
            0,
            0,
            0,
            0,
            0,
            0,
            0,
            142,
            1,
            0,
            0,
            0,
            0,
            0
        ],
        [
            2,
            0,
            1,
            0,
            0,
            1,
            1,
            2,
            1,
            259,
            0,
            0,
            0,
            0,
            0
        ],
        [
            0,
            0,
            0,
            0,
            0,
            0,
            1,
            0,
            1,
            0,
            249,
            1,
            0,
            0,
            0
        ],
        [
            0,
            0,
            0,
            0,
            0,
            0,
            4,
            0,
            0,
            5,
            7,
            195,
            0,
            1,
            0
        ],
        [
            0,
            0,
            0,
            0,
            0,
            4,
            0,
            0,
            0,
            0,
            2,
            0,
            476,
            0,
            0
        ],
        [
            0,
            0,
            0,
            0,
            0,
            0,
            0,
            0,
            0,
            0,
            0,
            0,
            0,
            57,
            0
        ],
        [
            0,
            0,
            1,
            0,
            0,
            0,
            0,
            0,
            0,
            0,
            0,
            1,
            0,
            0,
            238
        ]
    ],
    "class_names": [
        "Pepper__bell___Bacterial_spot",
        "Pepper__bell___healthy",
        "Potato___Early_blight",
        "Potato___Late_blight",
        "Potato___healthy",
        "Tomato_Bacterial_spot",
        "Tomato_Early_blight",
        "Tomato_Late_blight",
        "Tomato_Leaf_Mold",
        "Tomato_Septoria_leaf_spot",
        "Tomato_Spider_mites_Two_spotted_spider_mite",
        "Tomato__Target_Spot",
        "Tomato__Tomato_YellowLeaf__Curl_Virus",
        "Tomato__Tomato_mosaic_virus",
        "Tomato_healthy"
    ]
}