{
    "train_loss": [
        1.787906709167762,
        0.7585450057793803,
        0.5340423682538296,
        0.4243401415767435,
        0.3576359847962625,
        0.3086037159630623,
        0.2690155920479374,
        0.238143929063498,
        0.2225292363379807,
        0.2021876572589632,
        0.19132423690062547,
        0.1792022003371114,
        0.16595276252465505,
        0.15981610469322421,
        0.14866778679020892,
        0.14708957504983206,
        0.14074887216761015,
        0.13620740624057365,
        0.12604490653800182,
        0.12706800630796142,
        0.12466414058470367,
        0.11596638962417921,
        0.11153326006654579,
        0.10973319655377159,
        0.10546977288694566,
        0.10534870802177825,
        0.10565269164692946,
        0.10033719004897963,
        0.09618267775595706,
        0.0972447890803884,
        0.09463200417173495,
        0.09324884442283297,
        0.0939471511588267,
        0.08897708441025555,
        0.08652864855049915,
        0.0845625530230163,
        0.08680754006226274,
        0.0800324726940946,
        0.08164366041870887,
        0.08038872049385656,
        0.0800913167355467,
        0.08189990305523222,
        0.07315103112420465,
        0.07869283824119574,
        0.07026178427774558,
        0.07553608105760708,
        0.07233396999902816,
        0.07278736979087935,
        0.06725991212910815,
        0.0706570665337804
    ],
    "val_loss": [
        1.1320916971277837,
        0.33210498304471997,
        0.22906453105924374,
        0.23188386859465326,
        0.1748073311085244,
        0.14220882118199732,
        0.1261852704491433,
        0.09440181728911905,
        0.07488479230472928,
        0.09367978747698165,
        0.07646207178818479,
        0.05640967007241546,
        0.060870554750107934,
        0.04397198996232298,
        0.08078134705315479,
        0.046584590493558724,
        0.038454216222023524,
        0.0370243443628051,
        0.048049677126039886,
        0.045111147939205766,
        0.04001701366728473,
        0.03474302350014233,
        0.03280554462134036,
        0.028642485174289092,
        0.03181163516981929,
        0.02664032288800635,
        0.03398280266734743,
        0.03136386517481528,
        0.030634901777243092,
        0.02364315158400102,
        0.033296159035470944,
        0.030627735459492857,
        0.02840205408969093,
        0.02485834287422688,
        0.023380943704393118,
        0.028009725020221095,
        0.026545409663573757,
        0.02146537753949892,
        0.01703441842660201,
        0.01582776254177462,
        0.02196272944299643,
        0.020211935630526506,
        0.023274371859425675,
        0.020220900295727384,
        0.027213038660178508,
        0.015948089631809905,
        0.018016924699318024,
        0.018561634913954468,
        0.01753094780029574,
        0.02008465144356154
    ],
    "train_acc": [
        0.4841169357706807,
        0.7637100789529838,
        0.8314531616757949,
        0.8666050216942883,
        0.8872039263105485,
        0.9031794579984351,
        0.9137918770894089,
        0.9244327477060957,
        0.9296678284373,
        0.9359840671456007,
        0.9394267017568817,
        0.9435663987481329,
        0.9475638381108187,
        0.9496834767764422,
        0.9526282096877445,
        0.9536382388505583,
        0.9560708442990256,
        0.9568959385447044,
        0.9606515399388292,
        0.9603101216302724,
        0.9613912796073689,
        0.9635678213244185,
        0.9646774308272281,
        0.9655452023614767,
        0.9667117149157124,
        0.9673518742442564,
        0.9660431040614553,
        0.9685468383242052,
        0.9693719325698841,
        0.9698271569812931,
        0.9708229603812505,
        0.9704957678355501,
        0.9699694146098584,
        0.9719752471726296,
        0.9730137278611566,
        0.973639661426844,
        0.9737107902411267,
        0.9748915285582189,
        0.9747777224553666,
        0.9748346255067928,
        0.9746923678782274,
        0.9746923678782274,
        0.9766839746781422,
        0.9754890105981934,
        0.9773383597695426,
        0.9765559428124333,
        0.9770253929866989,
        0.9776797780780995,
        0.9784764207980653,
        0.9784906465609219
    ],
    "val_acc": [
        0.6503528340541771,
        0.8897109037104485,
        0.9258479399043934,
        0.9218074208968814,
        0.9418392897791942,
        0.9533348508991577,
        0.9589119053038926,
        0.9689278397450489,
        0.975301616207603,
        0.9694400182107898,
        0.9750170726155247,
        0.9811063054860004,
        0.9789437741862054,
        0.9854882768040064,
        0.9727976325973139,
        0.9854882768040064,
        0.9876508081038015,
        0.9876508081038015,
        0.9852606419303437,
        0.9879353516958798,
        0.9866833598907353,
        0.9888458911905303,
        0.989414978374687,
        0.9910653312087412,
        0.9903255178693375,
        0.9918620532665604,
        0.9898133394035966,
        0.9896426132483497,
        0.9904393353061689,
        0.9922035055770544,
        0.989414978374687,
        0.989927156840428,
        0.9914636922376509,
        0.9933985886637833,
        0.9919189619849761,
        0.9907807876166629,
        0.9924880491691327,
        0.9923173230138858,
        0.9950489414978375,
        0.9948213066241748,
        0.9924880491691327,
        0.9938538584111086,
        0.993114045071705,
        0.9936262235374459,
        0.9916344183928978,
        0.9944229455952652,
        0.9940245845663556,
        0.9945367630320965,
        0.9950489414978375,
        0.9941384020031869
    ],
    "train_precision": [
        0.4770316257610144,
        0.7625195586899349,
        0.830967752379812,
        0.8661047769657743,
        0.8869102507479057,
        0.9030404661631917,
        0.913623518404925,
        0.9243696075212727,
        0.9295371300567699,
        0.9359732055296996,
        0.9393226622476719,
        0.9434690959313548,
        0.9475581209818621,
        0.949665637296414,
        0.9525701019704694,
        0.9536328750730138,
        0.9561029878253597,
        0.9568716516207069,
        0.9606437349724641,
        0.9602311802951727,
        0.9613924163248244,
        0.9635975843528918,
        0.9646297698914037,
        0.9655824439703548,
        0.9666897833664613,
        0.9673117788605153,
        0.9660050930576197,
        0.9685428778041655,
        0.9693265784473896,
        0.9698362976671708,
        0.9708084481056026,
        0.9704260303841903,
        0.9699495744524088,
        0.9719462032977524,
        0.9730138353943564,
        0.9736457838694333,
        0.9736762792857377,
        0.9749120906178411,
        0.974748548752475,
        0.9748158803426775,
        0.9746514681703111,
        0.9746982279411475,
        0.9766869587999301,
        0.9754776496616744,
        0.9773351768635637,
        0.9765431378952802,
        0.9770300216379879,
        0.9776476536230057,
        0.9784984933965454,
        0.9784767950876662
    ],